<?xml version="1.0" encoding="UTF-8"?>
<project-private xmlns="http://www.netbeans.org/ns/project-private/1">
    <editor-bookmarks xmlns="http://www.netbeans.org/ns/editor-bookmarks/2" lastBookmarkId="4">
        <file>
            <url>src/gestaofila2/LoginUsuario.java</url>
            <bookmark id="4">
                <name/>
                <line>326</line>
                <key/>
            </bookmark>
        </file>
    </editor-bookmarks>
    <open-files xmlns="http://www.netbeans.org/ns/projectui-open-files/2">
        <group name="Java Beginnning">
            <file>file:/F:/Works/Java/GestaoFILA2%20=%20000R/src/PreMarcacao/PrimeiroPasso.java</file>
            <file>file:/F:/Works/Java/GestaoFILA2%20=%20000R/src/gestaofila2/UsuarioFuncionario.java</file>
        </group>
        <group>
            <file>file:/C:/Users/Lenovo/Downloads/GestaoFILA2%20=%20000R3/GestaoFILA2%20=%20000R3/src/gestaofila2/LoginGestores.java</file>
            <file>file:/C:/Users/Lenovo/Downloads/GestaoFILA2%20=%20000R3/GestaoFILA2%20=%20000R3/src/gestaofila2/TiposDeAcesso.java</file>
            <file>file:/C:/Users/Lenovo/Downloads/GestaoFILA2%20=%20000R3/GestaoFILA2%20=%20000R3/src/gestaofila2/Registo.java</file>
            <file>file:/C:/Users/Lenovo/Downloads/GestaoFILA2%20=%20000R3/GestaoFILA2%20=%20000R3/src/gestaofila2/UsuarioFuncionario.java</file>
        </group>
    </open-files>
</project-private>
